shrimp,almonds,avocado,vegetables mix,green grapes,whole weat flour,yams,cottage cheese,energy drink,
tomato juice,low fat yogurt,green tea,honey,salad,mineral water,salmon,antioxydant juice,frozen smoothie,spinach,olive oil
burgers,meatballs,eggs
mineral water,milk,energy bar,whole wheat rice,green tea
whole wheat pasta,french fries
soup,light cream,shallot
frozen vegetables,spaghetti,green tea
herb & pepper,tomato sauce,light cream,magazines
mineral water,chocolate,avocado,eggs
turkey,french fries,strawberries
frozen vegetables,strong cheese,chocolate
pickles,spaghetti,salmon,escalope
energy bar,french fries
red wine,ground beef,mineral water
mineral water,cake,cottage cheese
pickles,champagne,green tea
fresh tuna,frozen vegetables,spaghetti,mineral water,honey,whole wheat rice,frozen smoothie,escalope
soup,meatballs,hot dogs,sparkling water
soup,avocado,french fries,hot dogs,brownies,body spray,pancakes,green tea
mineral water,chicken,cereals,clothes accessories
burgers,black tea,green tea
spaghetti,chocolate,brownies,white wine,green tea
fresh tuna,mineral water,eggs
french fries,escalope,champagne
tomato sauce,light mayo
turkey,fresh tuna,frozen vegetables,tomatoes,ground beef,spaghetti,mineral water,chocolate,soup,milk,olive oil
soup,chicken,gums,soda,body spray,energy drink,green tea
turkey,frozen vegetables,mineral water,cider,cooking oil,green tea
soup,bug spray,shallot,protein bar,green tea
herb & pepper,whole wheat pasta,ground beef,mineral water,avocado,cider,whole wheat rice
grated cheese,herb & pepper,tomatoes,tomato sauce,corn
burgers,escalope,shallot
mineral water,chocolate,low fat yogurt
eggs,strawberries
grated cheese,ground beef,spaghetti,mineral water,white wine
eggs,cake,french fries
burgers,spaghetti,milk,french fries,green tea
mineral water,energy bar,butter,french fries
burgers,grated cheese,herb & pepper,mineral water,eggs,cooking oil
energy bar,energy drink
chocolate,frozen smoothie
asparagus,salad
burgers,french fries,low fat yogurt,green tea
burgers,herb & pepper,shrimp,pasta,spaghetti,mineral water,meatballs,olive oil,energy bar,french wine,eggs,salt
champagne,low fat yogurt
burgers,almonds,eggs,french fries,cookies,green tea
ham,soup,escalope,body spray
turkey,ham,frozen vegetables,pepper,oil,extra dark chocolate,tea,magazines
muffins,eggs,cookies
frozen vegetables,whole wheat pasta,ground beef,spaghetti,chocolate,green tea
mineral water,barbecue sauce,chocolate
burgers,herb & pepper,energy bar,almonds,eggs,corn,mayonnaise,zucchini
turkey,burgers,ground beef,chocolate,soup,almonds,eggs,hot dogs,cottage cheese
ham,spaghetti,chocolate,eggs
ground beef,energy bar,pet food,carrots,protein bar
ground beef,tomato sauce,spaghetti,mineral water,almonds,eggs
mineral water,olive oil,gums,cooking oil
shrimp,pasta,mineral water,soup,avocado,milk,olive oil,green grapes,eggs,bug spray
shrimp,pasta,soup,cake,cooking oil,chicken,light mayo,low fat yogurt
spaghetti,mineral water,chocolate,french fries,champagne,escalope,mushroom cream sauce,fresh bread
shrimp,pasta,mineral water,eggs
burgers,oil,tomato juice,fresh bread
french wine,eggs,chocolate,low fat yogurt
chicken,eggs,french fries,pancakes
turkey,herb & pepper,salmon,white wine,candy bars
grated cheese,spaghetti,olive oil,eggs,french fries,green tea
mineral water,energy bar
eggs,french fries
burgers,tomatoes,mineral water,soup,milk,almonds,eggs,chocolate,tomato juice
burgers,shrimp,pasta,frozen vegetables,spaghetti,mineral water,milk,eggs,chocolate,french fries,pancakes,low fat yogurt
ground beef,mineral water,antioxydant juice,protein bar
grated cheese,whole wheat pasta,ground beef,spaghetti,cake,energy drink
burgers,french fries,low fat yogurt,green tea
burgers,herb & pepper,shrimp,pasta,spaghetti,mineral water,meatballs,olive oil,energy bar,french wine,eggs,salt
champagne,low fat yogurt
burgers,almonds,eggs,french fries,cookies,green tea
ham,soup,escalope,body spray
turkey,ham,frozen vegetables,pepper,oil,extra dark chocolate,tea,magazines
muffins,eggs,cookies
burgers,shrimp,pasta,milk,green tea,french fries,cookies,white wine
parmesan cheese,ground beef
pancakes,whole wheat rice,candy bars
eggs,eggplant,cookies
frozen vegetables,mineral water
turkey,spaghetti,milk,whole wheat rice,chocolate
whole wheat pasta,ground beef,spaghetti,soup,meatballs,chicken
blueberries,cooking oil,champagne,yogurt cake,protein bar
cooking oil,tomato juice
frozen vegetables,milk,eggs,french fries,green tea
fresh tuna,spaghetti,olive oil,french wine,eggs,french fries,champagne,pancakes,light mayo
red wine,honey,hot dogs
milk,bacon,eggs,french fries,fresh bread
french fries,yogurt cake
soup,energy bar,chicken,eggs,cake,french fries,body spray,strawberries
spaghetti,chocolate,yogurt cake
turkey,mineral water,meatballs
ground beef,mineral water,chocolate,fromage blanc,bacon,hot dogs
frozen vegetables,mineral water,vegetables mix,escalope
herb & pepper,red wine,tomatoes
whole wheat pasta,olive oil,cereals,brownies,green tea
turkey,burgers,grated cheese,tomatoes,chocolate,fromage blanc,honey,whole wheat rice
frozen vegetables,ground beef,mineral water,olive oil,pancakes
turkey,burgers,ground beef,milk,olive oil,cake,fresh bread
whole wheat pasta,ground beef,spaghetti,yams,mineral water,soup,chutney,cereals,energy drink,protein bar
eggs,whole wheat rice,cake,green tea,escalope
ground beef,yams,soup,avocado,salmon,green tea
spaghetti,chocolate
whole wheat pasta,honey
whole wheat pasta,green tea
spaghetti,meatballs,vegetables mix,chocolate
eggs,low fat yogurt
fresh tuna,shrimp,pasta,mineral water,olive oil,eggs,cake,brownies,tomato juice
mineral water,green grapes,hot dogs,fresh bread
frozen vegetables,meatballs,eggs,chocolate
spaghetti,mineral water,eggs,cooking oil,chocolate,escalope
shrimp,frozen vegetables,pepper,spaghetti,green tea
burgers,fresh tuna,red wine,mineral water,french fries,hand protein bar,low fat yogurt
pancakes,eggs,energy drink,fresh bread
strong cheese,salmon,green tea,french fries,frozen smoothie,hot dogs
grated cheese,shrimp,pasta,tomatoes,milk,frozen smoothie,sandwich
herb & pepper,whole wheat pasta,olive oil,pancakes,eggs
spaghetti,antioxydant juice
chocolate,milk,almonds,eggs,strawberries,white wine
french fries,strawberries
eggs,whole wheat rice,chocolate
grated cheese,herb & pepper,red wine,spaghetti,mineral water,salmon,eggs,cooking oil,green tea
french fries,cookies,shallot,tomato juice,fresh bread,low fat yogurt
burgers,fresh tuna,spaghetti,muffins,honey
herb & pepper,ground beef,spaghetti,eggs,chicken
grated cheese,muffins,tomato juice,mayonnaise
whole wheat pasta,yams,mineral water,muffins,frozen smoothie,hot dogs,energy drink
burgers,spaghetti,soup,milk,olive oil,salmon,eggs,blueberries
chocolate,champagne,magazines
frozen vegetables,spaghetti,yams,mineral water,french wine,green grapes,rice,chocolate
tomato sauce,chocolate
chocolate,escalope,fresh bread
ham,spaghetti,french wine,vegetables mix,chocolate,french fries
avocado,light mayo
spaghetti,yams,butter,chocolate
energy bar,eggs,french fries
fresh tuna,barbecue sauce,eggplant
whole wheat rice,french fries,hot dogs,green tea
mineral water,chicken,green tea
eggs,cake,mushroom cream sauce
antioxydant juice,escalope
shrimp,spaghetti,french fries
grated cheese,spaghetti,salmon,tomato juice
spaghetti,green tea
champagne,protein bar
mineral water,avocado,chocolate
tomatoes,champagne,green tea
chicken,french fries,escalope
frozen vegetables,tomatoes,eggs,green tea,frozen smoothie,light mayo
ground beef,chicken,cider,green grapes,honey,chocolate,french fries,champagne,frozen smoothie,escalope
french fries,champagne
mineral water,soup
frozen vegetables,spaghetti,milk,chocolate,babies food
honey,whole wheat rice
whole wheat rice,chicken,tomato juice
green tea,protein bar,tomato juice,candy bars